date,month,year,upi_volume_mn,upi_value_cr,festival,is_festive,vol_mom_growth,vol_yoy_growth,avg_ticket_size,vol_3m_avg,psi_score
2019-04-01,Apr,2019,781.79,142034.39,,0,,,1816.7844306015686,,
2019-05-01,May,2019,733.54,152449.29,,0,-6.171734097391878,,2078.268260762876,,
2019-06-01,Jun,2019,754.54,146566.35,Eid-ul-Fitr,1,2.862829566213154,,1942.4596442865852,756.6233333333333,
2019-07-01,Jul,2019,822.29,146386.64,,0,8.978980570943884,,1780.2313052572697,770.1233333333333,
2019-08-01,Aug,2019,918.35,154504.89,Raksha Bandhan,1,11.682009996473264,,1682.4183590134483,831.7266666666666,
2019-09-01,Sep,2019,955.02,161456.56,Navaratri,1,3.993030979474055,,1690.609201901531,898.5533333333333,73.25103743644654
2019-10-01,Oct,2019,1148.36,191359.94,Diwali,1,20.244602207283613,,1666.3758751610992,1007.2433333333333,77.9335612490214
2019-11-01,Nov,2019,1218.77,189229.09,,0,6.131352537531787,,1552.6234646405803,1107.3833333333334,79.08065840215684
2019-12-01,Dec,2019,1308.4,202520.76,Christmas,1,7.354135727003452,,1547.8505044328951,1225.1766666666667,73.82317504702978
2020-01-01,Jan,2020,1305.02,216242.97,,0,-0.25833078569246215,,1657.0088581017915,1277.3966666666668,40.90300530701643
2020-02-01,Feb,2020,1325.69,222516.95,,0,1.5838837718962218,,1678.4991212123498,1313.0366666666666,33.30423468880277
2020-03-01,Mar,2020,1246.84,206462.31,Holi,1,-5.947846027351799,,1655.8845561579674,1292.5166666666667,20.957586906437797
2020-04-01,Apr,2020,999.57,151140.66,,0,-19.831734625132324,27.85658552808301,1512.0567844172995,1190.7,32.28083162453768
2020-05-01,May,2020,1234.5,218391.6,Eid-ul-Fitr,1,23.503106335724368,68.29348092810208,1769.0692588092345,1160.3033333333333,32.18512626181061
2020-06-01,Jun,2020,1336.93,261835.0,,0,8.297286350749289,77.18477482969759,1958.4795015445834,1190.3333333333333,39.17010246202901
2020-07-01,Jul,2020,1497.36,290537.86,,0,11.99988032282915,82.09634070704983,1940.3340546027675,1356.2633333333333,43.40770203408263
2020-08-01,Aug,2020,1618.83,298307.61,Raksha Bandhan,1,8.112277608591123,76.27592965644905,1842.735864791238,1484.3733333333332,50.74062042396967
2020-09-01,Sep,2020,1800.14,329027.66,,0,11.200064243929276,88.4923875939771,1827.789283055762,1638.7766666666666,53.874751293329545
2020-10-01,Oct,2020,2071.62,386106.74,Navaratri,1,15.081049251724842,80.39813298965481,1863.791332387214,1830.1966666666667,61.38763680445858
2020-11-01,Nov,2020,2210.23,390999.15,Diwali,1,6.690898910031762,81.34922914085514,1769.0428145487122,2027.33,79.39277439781823
2020-12-01,Dec,2020,2234.16,416176.21,Christmas,1,1.082692751433112,70.75512075817791,1862.7860582948401,2172.0033333333336,44.515535521094584
2021-01-01,Jan,2021,2302.73,431181.89,,0,3.069162459268826,76.45170188962622,1872.481315655765,2249.04,33.24041706065831
2021-02-01,Feb,2021,2292.9,425062.76,,0,-0.42688461087491136,72.95898739524323,1853.8216232718391,2276.5966666666664,40.25551110834918
2021-03-01,Mar,2021,2731.68,504886.44,Holi,1,19.136464738976834,119.08825510891532,1848.2634862062907,2442.4366666666665,69.96734745049142
2021-04-01,Apr,2021,2641.06,493663.68,,0,-3.317372459438872,164.2196144342067,1869.1876746457863,2555.213333333333,41.608801387953534
2021-05-01,May,2021,2539.57,490638.65,Eid-ul-Fitr,1,-3.842775249331698,105.71648440664237,1931.9752950302611,2637.436666666667,0.0
2021-06-01,Jun,2021,2807.51,547373.17,,0,10.550605023685122,109.99678367603391,1949.6748720396365,2662.7133333333336,32.75989862055324
2021-07-01,Jul,2021,3247.82,606281.14,,0,15.683292312404928,116.9030827589892,1866.732577544322,2864.9666666666667,77.57503863499741
2021-08-01,Aug,2021,3555.55,639116.95,Raksha Bandhan,1,9.474970903559932,119.63702179969485,1797.5192304987977,3203.626666666667,87.73525614907672
2021-09-01,Sep,2021,3654.3,654351.81,,0,2.7773480896063907,103.0008777095115,1790.6351695263118,3485.89,71.78570850179315
2021-10-01,Oct,2021,4218.65,771444.98,Navaratri,1,15.443450181977392,103.6401463588882,1828.6536688277058,3809.5,66.53822896543227
2021-11-01,Nov,2021,4186.48,768436.11,Diwali,1,-0.7625662237919717,89.41377141745429,1835.5184068716442,4019.8099999999995,53.21915361823514
2021-12-01,Dec,2021,4566.3,826848.22,Christmas,1,9.072538266037355,104.38554087442262,1810.7619297899832,4323.81,61.0884191911549
2022-01-01,Jan,2022,4617.15,831993.11,,0,1.1135930622166557,100.50765830123373,1801.962487681795,4456.643333333333,60.26730813148453
2022-02-01,Feb,2022,4527.49,826843.0,,0,-1.9418905601940595,97.45693226917875,1826.2723937545968,4570.313333333333,30.765895939407145
2022-03-01,Mar,2022,5405.65,960581.66,Holi,1,19.396177573004024,97.88738065952087,1776.9956619462969,4850.096666666667,100.0
2022-04-01,Apr,2022,5583.05,983302.27,,0,3.281751500744612,111.39428865682719,1761.227769767421,5172.063333333333,84.77314542607816
2022-05-01,May,2022,5955.2,1041520.07,Eid-ul-Fitr,1,6.665711394309559,134.49639112133153,1748.9254265180011,5647.966666666667,76.94685226334184
2022-06-01,Jun,2022,5862.75,1014384.31,,0,-1.552424771628158,108.82383321875966,1730.2192827597971,5800.333333333333,67.82975011343055
2022-07-01,Jul,2022,6288.4,1062991.76,,0,7.260244765681634,93.61910450702315,1690.4009923032886,6035.45,77.678749103273
2022-08-01,Aug,2022,6579.63,1072792.68,Raksha Bandhan,1,4.631225748998169,85.05238289434827,1630.475695441841,6243.593333333333,90.07481120441727
2022-09-01,Sep,2022,6780.8,1116438.1,Navaratri,1,3.057466757249272,85.55674137317679,1646.4695906087777,6549.61,72.26145659806534
2022-10-01,Oct,2022,7305.42,1211582.51,Diwali,1,7.736845210004728,73.16961587237626,1658.4707107873332,6888.616666666668,69.69380180480091
2022-11-01,Nov,2022,7309.45,1190593.39,,0,0.05516452168390362,74.59655844528102,1628.8412808077212,7131.889999999999,66.15203189736928
2022-12-01,Dec,2022,7829.49,1282055.01,Christmas,1,7.114625587424506,71.46245318967215,1637.4693753999302,7481.453333333334,65.4301074184551
2023-01-01,Jan,2023,8036.89,1298726.62,,0,2.648959255328265,74.06603640774073,1615.9566946916036,7725.276666666666,79.49793069187767
2023-02-01,Feb,2023,7534.76,1235846.62,,0,-6.247814764168725,66.42245482596319,1640.193742070086,7800.38,28.432581250783656
2023-03-01,Mar,2023,8685.3,1410443.01,Holi,1,15.269763071418318,60.67077964722096,1623.9427653621638,8085.649999999999,80.08316618623442
2023-04-01,Apr,2023,8863.26,1415504.71,Eid-ul-Fitr,1,2.048979309868404,58.753011346844474,1597.0474859137607,8361.106666666667,90.660023881243
2023-05-01,May,2023,9415.19,1489145.44,,0,6.227166979192766,58.10031569048899,1581.6414113788462,8987.916666666666,82.75799774347557
2023-06-01,Jun,2023,9335.06,1475464.26,,0,-0.8510715131611946,59.226642787087954,1580.5621602860613,9204.503333333332,66.47837682138476
2023-07-01,Jul,2023,9964.61,1533536.44,,0,6.743930944203913,58.46018065008589,1538.9829004848157,9571.62,80.63646259782384
2023-08-01,Aug,2023,10586.02,1576536.56,Raksha Bandhan,1,6.236169804939684,60.89080996955756,1489.2627824243673,9961.896666666666,91.742925167234
2023-09-01,Sep,2023,10555.69,1579133.18,,0,-0.2865099442472263,55.67027489381784,1496.00185302903,10368.773333333333,68.79707094359627
2023-10-01,Oct,2023,11408.79,1715768.34,Navaratri,1,8.08189706215321,56.1688445017535,1503.9003610374107,10850.166666666666,70.47432043507386
2023-11-01,Nov,2023,11235.29,1739740.61,Diwali,1,-1.5207572406889747,53.709102600058834,1548.4607962945329,11066.590000000002,37.699485835994565
2023-12-01,Dec,2023,12020.23,1822949.42,Christmas,1,6.986379523804009,53.52506995985691,1516.5678360563816,11554.769999999999,56.672772727128304
2024-01-01,Jan,2024,12203.02,1841083.97,,0,1.5206863762174283,51.837588918101396,1508.7117533200799,11819.513333333334,57.18004156690694
2024-02-01,Feb,2024,12102.67,1827869.35,,0,-0.8223374213924162,60.624492352775675,1510.3025613356392,12108.64,47.25753304150197
2024-03-01,Mar,2024,13440.0,1978353.23,Holi,1,11.049875771214124,54.744222997478516,1471.9890104166666,12581.896666666667,94.40142294426884
2024-04-01,Apr,2024,13303.99,1964464.52,Eid-ul-Fitr,1,-1.0119791666666655,50.1026710262364,1476.5980130772798,12948.886666666665,70.7940674387778
2024-05-01,May,2024,14035.84,2044937.05,,0,5.500981284562001,49.076545454738564,1456.9395561647896,13593.276666666667,78.39530118510397
2024-06-01,Jun,2024,13885.14,2007081.2,,0,-1.0736799507546468,48.74183990247518,1445.4886302910882,13741.656666666668,69.18080770505914
2024-07-01,Jul,2024,14435.55,2064292.41,,0,3.9640219688098277,44.868188519169315,1430.0060683520892,14118.843333333332,74.18930625240158
2024-08-01,Aug,2024,14963.05,2060735.57,Raksha Bandhan,1,3.6541732043462227,41.347267433841985,1377.2162560440552,14427.913333333332,93.69042793846204
2024-09-01,Sep,2024,15041.75,2063994.71,,0,0.5259622871005565,42.498974486746,1372.1772466634534,14813.449999999999,73.23682394952152
2024-10-01,Oct,2024,16584.97,2349821.46,Diwali,1,10.259577509265894,45.37010498045806,1416.8379321759398,15529.923333333334,66.6168013320695
2024-11-01,Nov,2024,15482.02,2155187.4,,0,-6.650298432858193,37.79813427156753,1392.058271465868,15702.913333333336,46.80305936388678
2024-12-01,Dec,2024,16730.01,2324699.91,Christmas,1,8.060899029971536,39.1821121559238,1389.5388645912346,16265.666666666666,59.781961724449125
2025-01-01,Jan,2025,16996.0,2348037.12,,0,1.5898974358054874,39.27699864459782,1381.523370204754,16402.676666666666,65.20699545243022
2025-02-01,Feb,2025,16106.19,2196481.69,,0,-5.235408331372082,33.07964275651572,1363.7500178502798,16610.733333333334,50.83226721644767
2025-03-01,Mar,2025,18301.51,2477221.61,Holi,1,13.630287485743043,36.1719494047619,1353.5613236284876,17134.566666666666,92.92267438201004
2025-04-01,Apr,2025,17893.42,2394925.87,,0,-2.2298160097172337,34.49664348815655,1338.439420747962,17433.706666666665,78.6114642590528
2025-05-01,May,2025,18677.46,2514297.01,,0,4.381722443222147,33.069769960330106,1346.1664541109978,18290.796666666665,66.06895395831732
2025-06-01,Jun,2025,18395.01,2403930.69,,0,-1.512250595102338,32.47983095597162,1306.8384795659258,18321.963333333333,74.15966814140842
2025-07-01,Jul,2025,19467.95,2508498.09,,0,5.832777476065543,34.86115873659128,1288.527086827324,18846.806666666667,82.23719624324984
2025-08-01,Aug,2025,20008.31,2485472.91,Raksha Bandhan,1,2.7756389347620036,33.718125649516665,1242.2203124601729,19290.423333333336,92.03102980225675
2025-09-01,Sep,2025,19633.43,2489736.54,Navaratri,1,-1.873621510262491,30.526235311715723,1268.1108395221822,19703.23,55.1930886366417
2025-10-01,Oct,2025,20700.92,2727790.68,Diwali,1,5.437103959929557,24.817349684684366,1317.714710264085,20114.22,47.87970779683017
2025-11-01,Nov,2025,20466.98,2631632.63,,0,-1.1300947011050666,32.1983823816272,1285.7943038005608,20267.11,48.490009494036585
2025-12-01,Dec,2025,21634.67,2796712.73,Christmas,1,5.705238388858547,29.316539559749224,1292.6995096296823,20934.19,55.6137430197681
2026-01-01,Jan,2026,21703.44,2833481.22,,0,0.3178694197785381,27.697340550717797,1305.5447523526227,21268.36333333333,41.9310447418897
2026-02-01,Feb,2026,20394.18,2684229.29,,0,-6.032499917063827,26.623242368306844,1316.1741683166472,21244.096666666665,4.338074806940294
